model,sample,n,mean_pred,obs_rate,ratio_obs_to_pred,binom_p
scorecard,dev_train,209866,0.011936187853201568,0.011936187853201568,1.0,1.0
scorecard,dev_holdout,90134,0.011878774118463636,0.012603457075021635,1.061006544053363,0.04565983748779973
scorecard,out_of_time,50000,0.01012114146249491,0.02118,2.0926493398481782,4.291156938515634e-103
scorecard,crisis,149999,0.010545355284679502,0.04676031173541157,4.434209229853627,0.0
scorecard,recent,200000,0.0038234361407369017,0.00707,1.8491220304878373,3.275876827784206e-98
lightgbm,dev_train,209866,0.011903531462789973,0.011936187853201568,1.0027434203466155,0.8879515129466196
lightgbm,dev_holdout,90134,0.011871779002957602,0.012603457075021635,1.0616317126423724,0.04395177883366089
lightgbm,out_of_time,50000,0.011278439400824453,0.02118,1.877919386475734,4.369124250458097e-78
lightgbm,crisis,149999,0.011404886824267085,0.04676031173541157,4.100024178750808,0.0
lightgbm,recent,200000,0.005622088271969428,0.00707,1.2575398424904785,7.670705346723459e-17
