model,sample,band,n,bads,pred_pd,obs_rate,obs_lo,obs_hi,binom_p,bias
scorecard,dev_train,1,20986,6,0.0006306397373417158,0.00028590488897360146,0.0001310373646366836,0.0006236896267285109,0.051897663976851666,ok
scorecard,dev_train,2,20987,29,0.0011619329436900888,0.0013818077857721447,0.0009623102751511597,0.001983812666389212,0.36000431378549563,ok
scorecard,dev_train,3,20987,35,0.0017550015647644307,0.0016676990517939677,0.0011994189209191585,0.002318381908943709,0.8687625920555269,ok
scorecard,dev_train,4,20986,53,0.0025255361943202605,0.0025254931859334793,0.0019314557644620938,0.0033016280335595163,1.0,ok
scorecard,dev_train,5,20987,75,0.003593338557242332,0.003573640825272788,0.0028521263413779064,0.004476860410634933,1.0,ok
scorecard,dev_train,6,20987,104,0.005181359647825023,0.004955448611044933,0.004091780809426221,0.0060003157361453495,0.7003959894748326,ok
scorecard,dev_train,7,20986,142,0.007771327906862206,0.0067664157057085676,0.005743956632990511,0.007969419841465588,0.09874380368450238,ok
scorecard,dev_train,8,20986,271,0.012364704317975117,0.012913370818641,0.011472532480769314,0.014532504165148015,0.4723924386636855,ok
scorecard,dev_train,9,20987,508,0.02212910416911689,0.024205460523181017,0.022211606695717357,0.026373467663568937,0.04355602641051877,under-predicts
scorecard,dev_train,10,20987,1282,0.06224776836478607,0.061085433839996185,0.05792492941659133,0.06440659253629691,0.49292279000525885,ok
scorecard,dev_holdout,1,8896,4,0.0006266680920976029,0.0004496402877697842,0.00017486695448310353,0.0011556735800810171,0.6716403182761892,ok
scorecard,dev_holdout,2,9052,8,0.001160313119450917,0.0008837825894829872,0.00044789491837764976,0.0017431328045454187,0.5372203835270591,ok
scorecard,dev_holdout,3,8957,19,0.0017501706842139,0.002121245952886011,0.0013584595353394696,0.003310923304772334,0.37483825697462103,ok
scorecard,dev_holdout,4,9032,19,0.0025273390514160723,0.002103631532329495,0.0013471758104837,0.0032834498525425304,0.5280524046995221,ok
scorecard,dev_holdout,5,9112,38,0.003591399232464859,0.004170324846356453,0.003039952570997142,0.005718602426272666,0.33512760231865457,ok
scorecard,dev_holdout,6,9147,43,0.005178334381052261,0.00470099486170329,0.0034920717266625273,0.006325779343997465,0.6095256494040704,ok
scorecard,dev_holdout,7,8925,65,0.00777706564148445,0.007282913165266107,0.005718511925849994,0.009271293694623775,0.6728467472855133,ok
scorecard,dev_holdout,8,8948,136,0.01241087151652968,0.015198927134555208,0.012864018442623549,0.0179499316165464,0.019254503853662557,under-predicts
scorecard,dev_holdout,9,9164,240,0.02209965375556798,0.026189436927106065,0.023112894636190404,0.02966306082970682,0.009436667029260725,under-predicts
scorecard,dev_holdout,10,8901,564,0.06213067711181346,0.06336366700370745,0.058488551534819584,0.06861551733486138,0.6290576150172313,ok
scorecard,out_of_time,1,5575,10,0.0006210558085733961,0.0017937219730941704,0.0009746178961312086,0.003298957464029581,0.0030648189824783512,under-predicts
scorecard,out_of_time,2,5082,16,0.0011599774528533511,0.003148366784730421,0.0019388977383850384,0.005108431458812137,0.000418582855618166,under-predicts
scorecard,out_of_time,3,5226,28,0.0017517589835306824,0.005357826253348641,0.003709565645710089,0.0077327694338074245,4.1075053716223093e-07,under-predicts
scorecard,out_of_time,4,4976,33,0.002530939289770995,0.006631832797427652,0.004726185379623042,0.0092986783831119,1.1921682581284308e-06,under-predicts
scorecard,out_of_time,5,5067,50,0.0035863477674991885,0.009867771857114663,0.0074932202661432985,0.012984958346259024,5.507828398319203e-10,under-predicts
scorecard,out_of_time,6,5053,83,0.005196474711538664,0.01642588561250742,0.01327068415158147,0.020315813792115243,6.641123135566429e-19,under-predicts
scorecard,out_of_time,7,4901,108,0.007747089311889478,0.022036319118547237,0.018285236167217604,0.02653610933759952,8.559800607837214e-21,under-predicts
scorecard,out_of_time,8,5100,162,0.012377002650850188,0.03176470588235294,0.02729286256263561,0.036941419316331776,9.920693290216028e-26,under-predicts
scorecard,out_of_time,9,4998,240,0.02197424877976793,0.04801920768307323,0.042430853764630225,0.05430183765046777,1.0659806255678686e-27,under-predicts
scorecard,out_of_time,10,4022,329,0.054600380589061824,0.08180009945300845,0.07372385782613805,0.09067446326031503,1.181326970537475e-12,under-predicts
scorecard,crisis,1,16797,58,0.0006251633585376411,0.0034529975590879324,0.002672270289266006,0.004460800949260522,2.2671491599068243e-24,under-predicts
scorecard,crisis,2,16178,116,0.001160292284788014,0.007170231178143157,0.005981967525549911,0.008592492281299269,9.81424155266712e-52,under-predicts
scorecard,crisis,3,15825,187,0.0017512400352939228,0.011816745655608215,0.010247615726517754,0.013622836044254912,2.0498011527876836e-88,under-predicts
scorecard,crisis,4,15500,273,0.0025230470534199057,0.017612903225806453,0.015658398125756888,0.019806463692748792,7.450194713859216e-132,under-predicts
scorecard,crisis,5,14802,354,0.0035806249438429783,0.023915687069314958,0.021575042540812283,0.026503386178835773,6.718631697724506e-165,under-predicts
scorecard,crisis,6,14711,598,0.005178053866931337,0.0406498538508599,0.037576747293474294,0.04396280526276933,4.671023546e-315,under-predicts
scorecard,crisis,7,14526,732,0.007792318678489838,0.050392399834779014,0.046952317149241085,0.05407022944204452,0.0,under-predicts
scorecard,crisis,8,14301,1019,0.012381534398859228,0.07125375847842808,0.06715165371884126,0.07558614492969461,0.0,under-predicts
scorecard,crisis,9,14290,1509,0.022129888349428327,0.10559832050384885,0.10066499308084997,0.11074364600746903,0.0,under-predicts
scorecard,crisis,10,13069,2168,0.05738998064221422,0.16588874435687503,0.15960953637394146,0.17236431696181684,0.0,under-predicts
scorecard,recent,1,48208,52,0.0005768289799431903,0.0010786591437105875,0.0008227163764936184,0.0014141116811178546,3.680557600051302e-05,under-predicts
scorecard,recent,2,31807,76,0.0011553560948528022,0.002389411135913478,0.0019096191077952432,0.0029893899143363816,1.2154110414618779e-08,under-predicts
scorecard,recent,3,27470,85,0.0017523418674279905,0.0030942846741900255,0.002503345401239516,0.003824186166096884,1.5615220855851174e-06,under-predicts
scorecard,recent,4,22451,111,0.0025074831120389073,0.004944100485501759,0.004107473535895578,0.005950116894846983,9.215860734828185e-11,under-predicts
scorecard,recent,5,20602,145,0.003577227941649933,0.0070381516357635185,0.005984912984528553,0.008275198575292428,1.6153072996107352e-13,under-predicts
scorecard,recent,6,16825,195,0.005155977690075256,0.011589895988112928,0.010080447191327419,0.013322328196373658,1.048628019179951e-23,under-predicts
scorecard,recent,7,14443,228,0.007672405551195868,0.015786194004015788,0.013878273191079014,0.017951632108083395,1.029996733554083e-22,under-predicts
scorecard,recent,8,10789,252,0.012255419011121373,0.02335712299564371,0.02067225213539727,0.026381306030415153,1.0403379503679489e-20,under-predicts
scorecard,recent,9,5752,186,0.021227239216911848,0.032336578581363004,0.028068118745306785,0.037229300141272716,4.694729797804291e-08,under-predicts
scorecard,recent,10,1653,84,0.042417415108704115,0.050816696914700546,0.04123169759658303,0.06248467456597011,0.09891670055718649,ok
lightgbm,dev_train,1,20987,1,0.0006582665603485382,4.7648544336970506e-05,8.41097124304913e-06,0.0002698818247923419,3.4603554714522364e-05,over-predicts
lightgbm,dev_train,2,20986,11,0.0011338847507209454,0.0005241589631182693,0.0002927133586053887,0.0009384345696381478,0.005399552971713567,over-predicts
lightgbm,dev_train,3,20987,17,0.0016436509501701053,0.0008100252537284986,0.0005058187540793444,0.0012969484108160355,0.0015317535148459812,over-predicts
lightgbm,dev_train,4,20986,29,0.0023009015141380526,0.0013818736300390737,0.0009623561379260231,0.001983907163079545,0.0038460359665291495,over-predicts
lightgbm,dev_train,5,20987,51,0.0032328748254406444,0.0024300757611854956,0.0018488673177510253,0.0031934078809718303,0.03858369112117884,over-predicts
lightgbm,dev_train,6,20987,71,0.004638918871570811,0.003383046647924906,0.0026831699205114553,0.004264698239286387,0.006033907578222996,over-predicts
lightgbm,dev_train,7,20986,125,0.00698212915664623,0.005956351853616697,0.005001868206927652,0.007091677082142084,0.07463313339779817,ok
lightgbm,dev_train,8,20986,198,0.01135032006674551,0.009434861336128848,0.008213708740437704,0.010835582227055829,0.008265664247292932,over-predicts
lightgbm,dev_train,9,20987,458,0.021000279557401247,0.021823033306332493,0.019932061347384858,0.02388903060921397,0.3995006435421774,ok
lightgbm,dev_train,10,20987,1544,0.06609285680801623,0.07356935245628246,0.07011473299081165,0.0771800567521589,1.7579220146168384e-05,under-predicts
lightgbm,dev_holdout,1,8922,3,0.0006584087271162506,0.0003362474781439139,0.00011435885715868605,0.000988237451518806,0.3026777350084464,ok
lightgbm,dev_holdout,2,9073,7,0.0011325566224231127,0.0007715198941915574,0.0003737750309379459,0.0015918426129790746,0.43142186441639435,ok
lightgbm,dev_holdout,3,8935,10,0.0016459837605687319,0.001119194180190263,0.0006080475612733655,0.002059143677466115,0.29348322973770785,ok
lightgbm,dev_holdout,4,9051,20,0.002300446864758434,0.002209700585570655,0.001430934937033316,0.0034108504786276267,1.0,ok
lightgbm,dev_holdout,5,9159,37,0.003227601686686987,0.0040397423299486845,0.002932348398352316,0.005563007452828174,0.16655216957368535,ok
lightgbm,dev_holdout,6,8898,40,0.004628792930339899,0.004495392222971455,0.003303170793134218,0.006115284821712941,0.9377050557345479,ok
lightgbm,dev_holdout,7,9008,62,0.006993674074916054,0.006882770870337478,0.005373093383379925,0.008812863901976711,0.9496279858178238,ok
lightgbm,dev_holdout,8,9135,137,0.011383685462343324,0.014997263273125342,0.012700886300782973,0.017701391379574237,0.0018505409767060523,under-predicts
lightgbm,dev_holdout,9,8916,220,0.020949637466202025,0.024674742036787798,0.02165352655286911,0.028105383964106882,0.016170985486719806,under-predicts
lightgbm,dev_holdout,10,9037,600,0.0657129751603249,0.06639371472833905,0.061442532411710334,0.07171338970952226,0.7825959405193019,ok
lightgbm,out_of_time,1,4377,3,0.0006599355794039878,0.0006854009595613434,0.0002331207226567366,0.002013388258631242,0.7677743932273398,ok
lightgbm,out_of_time,2,4601,12,0.0011370948980333616,0.002608128667680939,0.0014926063943607637,0.0045535516320087,0.0076112059579961115,under-predicts
lightgbm,out_of_time,3,4670,18,0.0016438583008523346,0.003854389721627409,0.0024395124507363116,0.006084867151687527,0.0014707052002943949,under-predicts
lightgbm,out_of_time,4,4943,35,0.0023044759783074653,0.007080720210398544,0.005095744363028475,0.009831274929442907,1.4363437054650569e-08,under-predicts
lightgbm,out_of_time,5,5248,36,0.0032298244387492046,0.006859756097560976,0.004959182647438805,0.009481770788780595,4.338113320675279e-05,under-predicts
lightgbm,out_of_time,6,5109,63,0.004648778971753699,0.012331180270111567,0.00965043351236015,0.015744759642068885,1.547069159524686e-11,under-predicts
lightgbm,out_of_time,7,5307,107,0.006991091309167389,0.020162050122479742,0.0167130044910234,0.02430527780909264,5.062495301699946e-21,under-predicts
lightgbm,out_of_time,8,5283,132,0.011382836075768472,0.02498580352072686,0.021109467072024345,0.029552463105721086,7.278870710739056e-16,under-predicts
lightgbm,out_of_time,9,5548,236,0.02096330700591254,0.04253785147801009,0.0375362890448394,0.0481724963066735,4.896428859215375e-23,under-predicts
lightgbm,out_of_time,10,4914,417,0.05748706005341499,0.08485958485958486,0.07738845927161295,0.09297928905114719,9.331218501663438e-15,under-predicts
lightgbm,crisis,1,13165,24,0.0006662936932691907,0.0018230155715913408,0.0012254039645619706,0.0027112824634986424,1.62698293403606e-05,under-predicts
lightgbm,crisis,2,14019,59,0.001136709574968266,0.00420857407803695,0.003264329406828885,0.005424465879855376,9.58727365306751e-17,under-predicts
lightgbm,crisis,3,14696,130,0.001647827626508231,0.008845944474686989,0.007455159361227804,0.01049344220737685,3.391942379903751e-51,under-predicts
lightgbm,crisis,4,15299,209,0.0023060353759994465,0.013661023596313484,0.011939883292566407,0.01562634336170413,1.1483894285135553e-88,under-predicts
lightgbm,crisis,5,15759,303,0.0032313279358198548,0.019227108319055778,0.017197299913144795,0.0214912573581533,2.247427870710094e-128,under-predicts
lightgbm,crisis,6,15509,462,0.0046373972896273825,0.029789154684376814,0.027227764451571802,0.03258343093896194,2.514971841614714e-208,under-predicts
lightgbm,crisis,7,15490,766,0.006981559164392206,0.04945125887669464,0.04614722985642404,0.052978709316724604,0.0,under-predicts
lightgbm,crisis,8,15579,958,0.011357833895613982,0.0614930354965017,0.057827653483790854,0.06537462561785899,0.0,under-predicts
lightgbm,crisis,9,15728,1569,0.02093097634583979,0.09975839267548321,0.09517214783061041,0.10454010963325829,0.0,under-predicts
lightgbm,crisis,10,14755,2534,0.060276752798664825,0.17173839376482547,0.16573842228770497,0.17790925260840618,0.0,under-predicts
lightgbm,recent,1,23017,17,0.0006557081545178682,0.0007385845244819047,0.00046120296486855514,0.0011825944539017473,0.604691803151718,ok
lightgbm,recent,2,23221,34,0.0011321398619864391,0.001464191895267215,0.0010480200358519538,0.002045288467057276,0.14173731273270668,ok
lightgbm,recent,3,23555,48,0.0016462017793199763,0.0020377839099978774,0.0015374292178408262,0.002700538068292631,0.14694110110157974,ok
lightgbm,recent,4,24121,68,0.0023044318605897588,0.0028191202686455785,0.0022245587925368336,0.003572022271854486,0.10633868339603827,ok
lightgbm,recent,5,24274,93,0.0032321583328164976,0.0038312597841311693,0.0031286947352091744,0.004690847179917251,0.10091334523255599,ok
lightgbm,recent,6,24363,147,0.0046393067399739946,0.006033739687230637,0.0051361243122848435,0.007087109412023523,0.0021416163312243434,under-predicts
lightgbm,recent,7,22464,222,0.0069373514427436625,0.009882478632478632,0.008670111986693053,0.011262447979369731,5.792611708159633e-07,under-predicts
lightgbm,recent,8,18540,276,0.011234880894873709,0.01488673139158576,0.01324132776441919,0.01673313017098509,6.719964737902637e-06,under-predicts
lightgbm,recent,9,12416,321,0.020283476667173374,0.02585373711340206,0.023205468695049827,0.02879532332793378,2.246224436066628e-05,under-predicts
lightgbm,recent,10,4029,188,0.0449775313645674,0.046661702655745846,0.04056963500298793,0.05361745134327472,0.5946041426810205,ok
