sample,model,n,bad_rate,auc,auc_lo,auc_hi,gini,gini_lo,gini_hi,ks,ks_lo,ks_hi,lift_top10,lift_lo,lift_hi
dev_train,scorecard,209866,0.011936187853201568,0.8388420828108107,0.8312363621346068,0.8454364711036757,0.6776841656216215,0.6624727242692137,0.6908729422073514,0.5338808140442896,0.5222049137348981,0.5491268379497746,5.113918660344421,4.940986386963876,5.279597980221193
dev_train,lightgbm,209866,0.011936187853201568,0.8803915079164062,0.873874439960719,0.8852111424445895,0.7607830158328124,0.747748879921438,0.7704222848891791,0.607796269864484,0.5921118031900876,0.6230246795345975,6.163848877105219,5.965564373503454,6.339117748238155
dev_holdout,scorecard,90134,0.012603457075021635,0.8399594416427778,0.8298149568449511,0.8497208911424633,0.6799188832855556,0.6596299136899022,0.6994417822849266,0.5371522037684658,0.5198393044422877,0.562672364308303,4.982615486550726,4.700920831842521,5.278743421375559
dev_holdout,lightgbm,90134,0.012603457075021635,0.8493868373842236,0.8404591765593135,0.8592358241455423,0.6987736747684472,0.6809183531186269,0.7184716482910847,0.5501442863568069,0.534146816271408,0.5731571983668776,5.281924544046705,5.026151403211294,5.590029735796475
out_of_time,scorecard,50000,0.02118,0.778866795325562,0.7655160324768782,0.791449725718348,0.557733590651124,0.5310320649537563,0.5828994514366961,0.4260767705903385,0.4044509112171441,0.4543143556105767,3.635505193578848,3.342680127321266,3.913908432216738
out_of_time,lightgbm,50000,0.02118,0.7918333919593573,0.7806505623226581,0.8044201177474644,0.5836667839187146,0.5613011246453161,0.6088402354949287,0.4442750525053591,0.42633734232590814,0.4758600359974967,3.9943342776203963,3.6981934576904214,4.2655774740043855
crisis,scorecard,149999,0.04676031173541157,0.7791989128811551,0.7741017218016328,0.7842902600961755,0.5583978257623101,0.5482034436032657,0.5685805201923511,0.42306266629889205,0.41330986030874667,0.4337322968648185,3.4290623176798425,3.3158793728475153,3.532071816505974
crisis,lightgbm,149999,0.04676031173541157,0.7933961414912895,0.7881214579361548,0.7978010934145485,0.5867922829825789,0.5762429158723097,0.595602186829097,0.44520981964654616,0.43711638322413005,0.45466957182304574,3.652913787066842,3.5489332384742096,3.7480686794706144
recent,scorecard,200000,0.00707,0.7797039603233902,0.767605768639106,0.7908676622404989,0.5594079206467804,0.535211537278212,0.5817353244809977,0.43479990520248313,0.4138504124206521,0.46149054849916277,3.9886845827439887,3.69865748881838,4.220238244239458
recent,lightgbm,200000,0.00707,0.7796884493168683,0.7698136489061017,0.79138415664187,0.5593768986337366,0.5396272978122034,0.58276831328374,0.42962768698318043,0.414304133873721,0.4545088639659514,4.052333804809052,3.8401540266593175,4.308774153770855
