sample,shock,model,mean_pd_before,mean_pd_after,rel_change_pct,pct_loans_wrong_direction
dev_holdout,LTV +10 pts,scorecard,0.011878774118463636,0.013522827324946031,13.840259862564274,0.0
dev_holdout,LTV +10 pts,lightgbm,0.011871779002957602,0.014126661699747458,18.993637737259927,7.823906627909556
dev_holdout,Credit score -50,scorecard,0.011878774118463636,0.021740891119131165,83.02301990353078,0.0
dev_holdout,Credit score -50,lightgbm,0.011871779002957602,0.02332667787881426,96.48847803688827,0.1741851021811969
dev_holdout,Interest rate +1pt,scorecard,0.011878774118463636,0.013462384499736428,13.331429367036506,0.0
dev_holdout,Interest rate +1pt,lightgbm,0.011871779002957602,0.014807114706874304,24.725322996540157,23.12667805711496
dev_holdout,DTI +10 pts,scorecard,0.011878774118463636,0.01303205051608935,9.708715614291652,0.0
dev_holdout,DTI +10 pts,lightgbm,0.011871779002957602,0.013816017067681543,16.376973191967046,6.18412585705727
dev_holdout,Credit score +50,scorecard,0.011878774118463636,0.00560744987507099,-52.79437238936032,0.0
dev_holdout,Credit score +50,lightgbm,0.011871779002957602,0.0057584556322664345,-51.494585345365365,13.097166441076618
crisis,LTV +10 pts,scorecard,0.010545355284679502,0.012132413266942314,15.049829421759942,0.0
crisis,LTV +10 pts,lightgbm,0.011404886824267085,0.013719322432422807,20.29336760476319,7.367382449216328
crisis,Credit score -50,scorecard,0.010545355284679502,0.020009328634179327,89.74541960904125,0.0
crisis,Credit score -50,lightgbm,0.011404886824267085,0.023209540557446572,103.5052246907158,0.23733491556610378
crisis,Interest rate +1pt,scorecard,0.010545355284679502,0.011993662493843309,13.734076947297691,0.0
crisis,Interest rate +1pt,lightgbm,0.011404886824267085,0.012170451199987737,6.712599498065175,40.78160521070141
crisis,DTI +10 pts,scorecard,0.010545355284679502,0.011337847277650307,7.515081015071656,0.0
crisis,DTI +10 pts,lightgbm,0.011404886824267085,0.013203770559850118,15.772920532235402,5.1947012980086535
crisis,Credit score +50,scorecard,0.010545355284679502,0.004868607157756547,-53.831738937902315,0.0
crisis,Credit score +50,lightgbm,0.011404886824267085,0.005367508284791314,-52.936768531797796,13.092753951693012
