feature,level,model,n,obs,pred,ratio
state,CA,scorecard,13069,0.061137041854770834,0.0043280933825462576,14.1256291052582
state,CA,lightgbm,13069,0.061137041854770834,0.004609219955064317,13.264075581291657
state,NV,scorecard,1398,0.10944206008583691,0.010119148723810853,10.815342581961898
channel,B,scorecard,6028,0.07365627073656271,0.007261064473884029,10.144004505328832
state,AZ,lightgbm,4064,0.07381889763779527,0.0073332886082636125,10.066274707177278
state,NV,lightgbm,1398,0.10944206008583691,0.011622613000674454,9.416304240663099
state,AZ,scorecard,4064,0.07381889763779527,0.007880649729961579,9.367108064344228
state,VA,lightgbm,4307,0.03598792663106571,0.003971437022175704,9.061688862272366
state,FL,scorecard,9132,0.10370127025843189,0.012249390077722867,8.465831327147164
channel,B,lightgbm,6028,0.07365627073656271,0.008775833964490005,8.39307933976428
state,VA,scorecard,4307,0.03598792663106571,0.004668199907277455,7.709165705385196
channel,C,scorecard,10359,0.040061782025292016,0.0052070047159043205,7.693824801603686
state,FL,lightgbm,9132,0.10370127025843189,0.014066826560866729,7.372044420233636
state,MA,scorecard,3337,0.04315253221456398,0.0062553801292218394,6.898466811469712
state,NJ,scorecard,4042,0.05591291439881247,0.008417541318312174,6.642428267880927
state,ID,lightgbm,1183,0.047337278106508875,0.0073433932096065805,6.446240417111608
property_type,PU,scorecard,23255,0.04128144485056977,0.006612134990762709,6.243285248749581
property_type,CO,scorecard,12556,0.0402994584262504,0.006575910318723859,6.128346719009245
channel,C,lightgbm,10359,0.040061782025292016,0.006635467407660104,6.03752223679736
state,MD,scorecard,3392,0.05306603773584906,0.009309260343517383,5.700349520550496
property_type,CO,lightgbm,12556,0.0402994584262504,0.007129950073358634,5.652137534150634
occupancy,I,scorecard,9875,0.04982278481012658,0.008980566225465758,5.547844485445307
state,CT,scorecard,1612,0.05148883374689826,0.009581360017524706,5.373854406130554
loan_purpose,N,scorecard,31238,0.05214802484153915,0.009983652100471559,5.223341550440849
state,IL,scorecard,8054,0.049913086665011173,0.009655661289366626,5.169307949935895
property_type,PU,lightgbm,23255,0.04128144485056977,0.00799037353104984,5.16639737681273
state,WA,lightgbm,4684,0.036720751494449186,0.00729797475160475,5.0316358639600205
loan_purpose,C,scorecard,52238,0.054213407864007045,0.010797890751565582,5.020740541956925
state,MA,lightgbm,3337,0.04315253221456398,0.008603227858557059,5.015853691663301
state,WA,scorecard,4684,0.036720751494449186,0.0073561252918657545,4.991860529490193
state,MD,lightgbm,3392,0.05306603773584906,0.010845812993528516,4.892767168999919
loan_purpose,N,lightgbm,31238,0.05214802484153915,0.01075289750354442,4.8496718976768705
state,IL,lightgbm,8054,0.049913086665011173,0.010338974520796924,4.827663185029679
state,NJ,lightgbm,4042,0.05591291439881247,0.011616160601252038,4.813373051400989
state,NY,scorecard,5431,0.0502669858221322,0.010534833811142308,4.771502495745747
state,OR,scorecard,2827,0.03678811460912628,0.00780449939582233,4.713705869311565
state,MI,scorecard,4835,0.059152016546018614,0.012607067777491161,4.691972597436929
occupancy,S,lightgbm,7917,0.030314513073133764,0.006517419661501139,4.6513059842077915
state,MN,scorecard,3506,0.03593839132915003,0.007752778922864966,4.635549612173042
n_borrowers,2.0,scorecard,80059,0.030764810951922957,0.0066691444624061525,4.613007129376736
channel,R,scorecard,67848,0.03457729041386629,0.007564428846333353,4.571037829330191
first_time_buyer,N,scorecard,132969,0.046243861351141995,0.0101491223511756,4.5564394389023635
occupancy,S,scorecard,7917,0.030314513073133764,0.006686580036387178,4.533634968574007
state,ID,scorecard,1183,0.047337278106508875,0.010510793560322057,4.5036826034911135
occupancy,I,lightgbm,9875,0.04982278481012658,0.01108616087626974,4.494142324487979
state,OR,lightgbm,2827,0.03678811460912628,0.008380865380994496,4.389536514039664
loan_purpose,C,lightgbm,52238,0.054213407864007045,0.012352436506779219,4.388883750525967
occupancy,P,scorecard,132207,0.04751639474460505,0.010893311259782674,4.361978980627514
n_borrowers,1.0,scorecard,69875,0.06513059033989267,0.01499205648234307,4.3443399787481045
property_type,SF,scorecard,112074,0.048735656798186915,0.011543508541186685,4.221910229831808
first_time_buyer,N,lightgbm,132969,0.046243861351141995,0.011068080858039557,4.178128254055146
n_borrowers,1.0,lightgbm,69875,0.06513059033989267,0.015602741341014957,4.174304304377832
state,MI,lightgbm,4835,0.059152016546018614,0.014382924597472993,4.112655680362207
state,MO,lightgbm,3972,0.032225579053373615,0.007842496453334446,4.109097051573681
channel,R,lightgbm,67848,0.03457729041386629,0.008456163066359376,4.08900468717579
occupancy,P,lightgbm,132207,0.04751639474460505,0.011721371550976654,4.0538254877387505
n_borrowers,2.0,lightgbm,80059,0.030764810951922957,0.007745026032385931,3.9722023945793707
state,GA,scorecard,5019,0.06236302052201634,0.015729573697002484,3.9646987085162126
channel,T,scorecard,65764,0.05791922632443282,0.014762671377653264,3.9233567450473115
state,WI,scorecard,4096,0.02734375,0.007049980576705412,3.878556785014328
property_type,MH,lightgbm,1576,0.05203045685279188,0.013420596478738571,3.876910905951203
property_type,SF,lightgbm,112074,0.048735656798186915,0.012583928630332657,3.8728491101509515
state,GA,lightgbm,5019,0.06236302052201634,0.016131680147603352,3.865872615338302
state,UT,scorecard,2347,0.0391989774179804,0.010195941701960896,3.844566648556024
state,MN,lightgbm,3506,0.03593839132915003,0.009535072279423927,3.769073823037793
channel,T,lightgbm,65764,0.05791922632443282,0.015439303159981009,3.7514145375783956
first_time_buyer,Y,scorecard,16989,0.05091529813408676,0.013656629984796526,3.728247612388201
state,CT,lightgbm,1612,0.05148883374689826,0.013812653780636092,3.727656869173125
first_time_buyer,Y,lightgbm,16989,0.05091529813408676,0.01404789338179197,3.6244080696170498
state,NM,lightgbm,1060,0.04150943396226415,0.01147199687203348,3.6183268201071566
loan_purpose,P,scorecard,66523,0.0383777039520166,0.010610814394297114,3.6168481066489178
state,NY,lightgbm,5431,0.0502669858221322,0.01390960734909655,3.6138321205304993
state,AR,lightgbm,1286,0.034992223950233284,0.00972323754275787,3.598824341825983
loan_purpose,P,lightgbm,66523,0.0383777039520166,0.01096697425396307,3.4993885335463677
state,WI,lightgbm,4096,0.02734375,0.008060884160812392,3.392152703661262
state,MO,scorecard,3972,0.032225579053373615,0.009689943334321757,3.325672601121483
state,CO,scorecard,3343,0.022135806162129824,0.0067134414486453905,3.2972367944902974
state,AL,lightgbm,2062,0.04267701260911736,0.013562169591797417,3.1467688351964713
state,NC,lightgbm,5700,0.030877192982456142,0.010267269855658255,3.00734210910409
state,PA,scorecard,5486,0.03590958804228946,0.012011924222937431,2.9894950530671953
state,UT,lightgbm,2347,0.0391989774179804,0.013195371750264062,2.970661089347177
state,AL,scorecard,2062,0.04267701260911736,0.014675847618590017,2.907975996906512
state,NM,scorecard,1060,0.04150943396226415,0.01452217673151006,2.8583479412006763
state,KY,scorecard,2173,0.03267372296364473,0.011566844304256578,2.824774165207779
state,NC,scorecard,5700,0.030877192982456142,0.011290360696130555,2.734827860108881
state,AR,scorecard,1286,0.034992223950233284,0.012817081196551401,2.7301242313771397
state,TN,lightgbm,2927,0.039289374786470786,0.014473579766071238,2.714558210303465
state,TN,scorecard,2927,0.039289374786470786,0.01471548047503821,2.66993489292566
state,KY,lightgbm,2173,0.03267372296364473,0.012281840992700518,2.660327794755179
state,IA,lightgbm,1471,0.023113528212100613,0.008880435869896425,2.60274704425856
state,KS,lightgbm,1341,0.03206562266964952,0.012361897289993649,2.5939078700811624
state,IA,scorecard,1471,0.023113528212100613,0.008985047389871551,2.5724436621397766
state,PA,lightgbm,5486,0.03590958804228946,0.014009116758657828,2.563301360172963
state,KS,scorecard,1341,0.03206562266964952,0.012584393583038924,2.548046710241734
state,OH,scorecard,5023,0.03683057933505873,0.014502846845133026,2.5395413554559196
state,CO,lightgbm,3343,0.022135806162129824,0.008781509134990888,2.520729161907635
state,OH,lightgbm,5023,0.03683057933505873,0.015172600652173976,2.4274401059769235
state,OK,lightgbm,1657,0.02112251056125528,0.008985864626052222,2.3506375224055733
state,SC,lightgbm,2600,0.04115384615384615,0.01751574000338712,2.349535112184127
state,IN,scorecard,3467,0.03576579175079319,0.01578738493349337,2.2654665038865986
state,LA,scorecard,1647,0.03946569520340012,0.017510330843069813,2.2538520577993384
property_type,MH,scorecard,1576,0.05203045685279188,0.026759474785006086,1.9443751146396069
state,SC,scorecard,2600,0.04115384615384615,0.021626313087098392,1.9029524814563652
state,IN,lightgbm,3467,0.03576579175079319,0.0188127977245033,1.9011415672751824
state,TX,lightgbm,9621,0.024009978172747116,0.012803703210915039,1.8752370136382754
state,TX,scorecard,9621,0.024009978172747116,0.013701165589526824,1.7524040575861919
state,OK,scorecard,1657,0.02112251056125528,0.013521692800562451,1.562120281299148
state,LA,lightgbm,1647,0.03946569520340012,0.04727536541595807,0.8348046568473111
